link,title,img,authors
http://www.allitebooks.org/beginning-apache-spark-using-azure-databricks/,Beginning Apache Spark Using Azure Databricks,http://www.allitebooks.org/wp-content/uploads/2020/06/Beginning-Apache-Spark-Using-Azure-Databricks.jpg,Robert Ilijason
http://www.allitebooks.org/articulate-storyline-essentials-2/,Articulate Storyline Essentials,http://www.allitebooks.org/wp-content/uploads/2020/06/Articulate-Storyline-Essentials1-400x493.jpg,Ashley Chiasson
http://www.allitebooks.org/django-standalone-apps/,Django Standalone Apps,http://www.allitebooks.org/wp-content/uploads/2020/06/Django-Standalone-Apps.jpg,Ben Lopatin
http://www.allitebooks.org/pro-asp-net-core-3-8th-edition/,"Pro ASP.NET Core 3, 8th. Edition",http://www.allitebooks.org/wp-content/uploads/2020/06/Pro-ASP.NET-Core-3.jpg,Adam Freeman
http://www.allitebooks.org/sas-stored-processes/,SAS Stored Processes,http://www.allitebooks.org/wp-content/uploads/2020/06/SAS-Stored-Processes.jpg,Philip Mason
http://www.allitebooks.org/official-google-cloud-certified-professional-data-engineer-study-guide/,Official Google Cloud Certified Professional Data Engineer Study Guide,http://www.allitebooks.org/wp-content/uploads/2020/06/Official-Google-Cloud-Certified-Professional-Data-Engineer-Study-Guide.jpg,Dan Sullivan
http://www.allitebooks.org/thinking-in-pandas/,Thinking in Pandas,http://www.allitebooks.org/wp-content/uploads/2020/06/Thinking-in-Pandas.jpg,Hannah Stepanek
http://www.allitebooks.org/building-single-page-applications-in-net-core-3/,Building Single Page Applications in .NET Core 3,http://www.allitebooks.org/wp-content/uploads/2020/06/Building-Single-Page-Applications-in-.NET-Core-3.jpg,Michele Aponte
http://www.allitebooks.org/modern-data-mining-algorithms-in-c-and-cuda-c/,Modern Data Mining Algorithms in C++ and CUDA C,http://www.allitebooks.org/wp-content/uploads/2020/06/Modern-Data-Mining-Algorithms-in-C-and-CUDA-C.jpg,Timothy Masters
http://www.allitebooks.org/advanced-perl-programming/,Advanced Perl Programming,http://www.allitebooks.org/wp-content/uploads/2020/06/Advanced-Perl-Programming.jpg,"William ""Bo"" Rothwell"
http://www.allitebooks.org/devsecops-for-net-core/,DevSecOps for .NET Core,http://www.allitebooks.org/wp-content/uploads/2020/06/DevSecOps-for-.NET-Core.jpg,Afzaal Ahmad Zeeshan
http://www.allitebooks.org/mastering-3d-printing-2nd-edition/,"Mastering 3D Printing, 2nd Edition",http://www.allitebooks.org/wp-content/uploads/2020/06/Mastering-3D-Printing-2nd-Edition.jpg,"Joan Horvath, Rich Cameron"
http://www.allitebooks.org/beginning-ring-programming/,Beginning Ring Programming,http://www.allitebooks.org/wp-content/uploads/2020/06/Beginning-Ring-Programming.jpg,Mansour Ayouni
http://www.allitebooks.org/typo3-4-3-multimedia-cookbook/,TYPO3 4.3 Multimedia Cookbook,http://www.allitebooks.org/wp-content/uploads/2020/06/TYPO3-4.3-Multimedia-Cookbook-400x493.jpg,Dan Osipov
http://www.allitebooks.org/microsoft-blazor-2nd-edition/,"Microsoft Blazor, 2nd Edition",http://www.allitebooks.org/wp-content/uploads/2020/05/Microsoft-Blazor-2nd-Edition.jpg,Peter Himschoot
http://www.allitebooks.org/understanding-system-io-for-net-core-3/,Understanding System.IO for .NET Core 3,http://www.allitebooks.org/wp-content/uploads/2020/05/Understanding-System.IO-for-.NET-Core-3.jpg,Roger Villela
http://www.allitebooks.org/beginning-pyqt/,Beginning PyQt,http://www.allitebooks.org/wp-content/uploads/2020/05/Beginning-PyQt.jpg,Joshua M. Willman
http://www.allitebooks.org/sql-server-big-data-clusters-2nd-edition/,"SQL Server Big Data Clusters, 2nd Edition",http://www.allitebooks.org/wp-content/uploads/2020/05/SQL-Server-Big-Data-Clusters-2nd-Edition.jpg,"Benjamin Weissman, Enrico Van De Laar"
http://www.allitebooks.org/the-definitive-guide-to-masonite/,The Definitive Guide to Masonite,http://www.allitebooks.org/wp-content/uploads/2020/05/The-Definitive-Guide-to-Masonite.jpg,"Christopher Pitt, Joe Mancuso"
http://www.allitebooks.org/mastering-vmware-vsphere-5-5/,Mastering VMware vSphere 5.5,http://www.allitebooks.org/wp-content/uploads/2020/05/Mastering-VMware-vSphere-5.5.jpg,"Forbes Guthrie, Josh Atwell, Matt Liebowitz, Nick Marshall, Scott Lowe"
